[{"code":"//ArkTechWorks","color":"#5E193C","name":"Property by it\u0027s Owner","typeName":"","palette":"86","type":"h","spec":"This blocks is Made by Arkanghel"},{"code":"//onc","color":"#5E193C","name":"tab onc","typeName":"","palette":"86","type":"h","spec":"Oncreate"},{"code":"%1$s.setAdapter(new MyFragmentAdapter(getApplicationContext(), getSupportFragmentManager(), %3$s));\r\n%2$s.setupWithViewPager(%1$s);","color":"#5E193C","name":"tabby Oncreate","typeName":"","palette":"86","type":" ","spec":"%m.viewpager %m.tablayout TabCount %d "},{"code":"//ota","color":"#5E193C","name":"o t a","typeName":"","palette":"86","type":"h","spec":"On Tab Added"},{"code":"if (_position \u003d\u003d %1$s) {\r\n\t%2$s\r\n}","color":"#5E193C","name":"if tab pos \u003d ?","typeName":"","palette":"86","type":"c","spec":"if Tab position \u003d %d  then"},{"code":"return %s;","color":"#5E193C","name":"tab title name/pos","typeName":"","palette":"86","type":" ","spec":"return Title %s "},{"code":"//ofa","color":"#5E193C","name":"o f a","typeName":"","palette":"86","type":"h","spec":"On Fragment Added"},{"code":"if (_position \u003d\u003d %1$s) {\r\n\t%2$s\r\n}","color":"#5E193C","name":"if tab pos \u003d ?_copy86","typeName":"","palette":"86","type":"c","spec":"if Tab position \u003d %d  then"},{"code":"return new %s();","color":"#5E193C","name":"r f t","typeName":"","palette":"86","type":" ","spec":"return Fragment %m.activity "},{"code":"com.google.android.material.card.MaterialCardView %1$scv \u003d new com.google.android.material.card.MaterialCardView(%6$s.this);\nLinearLayout.LayoutParams %1$slp \u003d new LinearLayout.LayoutParams(LinearLayout.LayoutParams.MATCH_PARENT, LinearLayout.LayoutParams.MATCH_PARENT);\n%1$slp.setMargins((int)10,(int)10,(int)10,(int)10);\n%1$scv.setLayoutParams(%1$slp);\n%1$scv.setCardBackgroundColor(%2$s);\n%1$scv.setRadius((float)%3$s);\n%1$scv.setCardElevation((float)5);\n%1$scv.setMaxCardElevation((float)10);\n%1$scv.setPreventCornerOverlap(false);\n%1$scv.setStrokeColor(%5$s);\n%1$scv.setStrokeWidth(%4$s);\nif(%1$s.getParent() instanceof LinearLayout){\nViewGroup %1$svg \u003d ((ViewGroup)%1$s.getParent());\n%1$svg.removeView(%1$s);\n%1$scv.addView(%1$s);\n%1$svg.addView(%1$scv);\n}","color":"#5E193C","name":"CyberCard","typeName":"","palette":"86","type":" ","spec":"Cardview  %m.view Background %m.color Radius %d  Stroke %d  StrokeColor %m.color %m.activity"}]